,accuracy,precision,recall,f1,balanced_multiclass_accuracy
0,0.659234608985025,0.5633014962655774,0.4346261734241293,0.4717177528857527,0.4346261734241293
