,accuracy,precision,recall,f1,balanced_multiclass_accuracy
0,0.49284525790349415,0.43179016441361345,0.2991507366910164,0.30886625897993275,0.2991507366910164
