,model,accuracy,precision,recall,f1
0,"combined_{'dropout': 0.2, 'lr': 0.02, 'train_batch_size': 64}",0.6847360912981455,0.09781944161402079,0.14285714285714285,0.11612434982460385
1,"combined_{'dropout': 0.3, 'lr': 0.03, 'train_batch_size': 128}",0.10413694721825963,0.014876706745465661,0.14285714285714285,0.02694721299372462
