,accuracy,precision,recall,f1,balanced_multiclass_accuracy
0,0.669883527454243,0.14285714285714285,0.09569764677917757,0.11461595399419233,0.669883527454243
