,accuracy,precision,recall,f1,balanced_multiclass_accuracy
0,0.1603993344425957,0.17437654444196335,0.15649729948408456,0.1081365963494453,0.15649729948408456
