,accuracy,precision,recall,f1,balanced_multiclass_accuracy
0,0.724126455906822,0.3252994831639592,0.4931457175531492,0.36327331107158356,0.4931457175531492
